cluster,n_wards,DOM__Belonging..Connections.and.Leisure__zmean,DOM__Foundations.of.Prosperity__zmean,DOM__Health.and.Healthy.Environments__zmean,DOM__Opportunities.and.Aspirations__zmean,DOM__Power..Voice.and.Influence__zmean
1,279,-0.5815115350323204,-0.5722565341364576,-0.5066529819635326,-0.7446208435213487,-0.781907554086544
2,400,0.40560429568504286,0.399148932560172,0.3533904549195738,0.5193730383561478,0.5453805189753943
