level,status,n_geo,cpi_nonmissing,cpi_coverage,cpi_min,cpi_max,cpi_mean
WARD,ok,619,619,1,3.64463671166768,10,5.71311889001148
LAD,ok,32,32,1,5.35053050187592,6.3164608290014,5.71772277533202
