level,status,n_geo,cpi_nonmissing,cpi_coverage,cpi_min,cpi_max,cpi_mean
WARD,ok,619,619,1,3.62975575928673,10,5.72826231837116
LAD,ok,32,32,1,5.36584206732335,6.32638146392203,5.73167641340494
