n_wards,N_min,N_p10,N_med,N_mean,N_p90,N_max,share_below_minN
619,1,2,6,7.8642972536349,15,51,0.990306946688207
